filename,average_score,score_std,number_atoms,min_max_label,percentile_label,threshold_label,percentile_label_10_90,percentile_label_20_80,percentile_label_30_70,percentile_label_40_60,cut_P10,cut_P20,cut_P30,cut_P40,cut_P50,cut_P60,cut_P70,cut_P80,cut_P90
../../../Data/SplitData/Cholesterol/cholesterol-separate-graphs-5A_exp5/Test/Positive/3N9Y-filtered_graphs.npy,0.2284483670815825,0.1412392083281888,71,PseudoNegative,StrongNegative,Negative,StrongNegative,StrongNegative,StrongNegative,StrongNegative,0.4477843587175011,0.6199022722244263,0.7052276944220066,0.792995017528534,0.8536438351869583,0.8884983432292939,0.916788815021515,0.936345154285431,0.9636533820629122
../../../Data/SplitData/Cholesterol/cholesterol-separate-graphs-5A_exp5/Test/Positive/3WGV-filtered_graphs.npy,0.7684364140033721,0.142263501434942,52,PseudoPositive,PseudoNegative,Positive,PseudoNegative,PseudoNegative,PseudoNegative,StrongNegative,0.4477843587175011,0.6199022722244263,0.7052276944220066,0.792995017528534,0.8536438351869583,0.8884983432292939,0.916788815021515,0.936345154285431,0.9636533820629122
../../../Data/SplitData/Cholesterol/cholesterol-separate-graphs-5A_exp5/Test/Positive/4BOE-filtered_graphs.npy,0.3571583160758018,0.1211527571185642,124,PseudoNegative,StrongNegative,Negative,StrongNegative,StrongNegative,StrongNegative,StrongNegative,0.4477843587175011,0.6199022722244263,0.7052276944220066,0.792995017528534,0.8536438351869583,0.8884983432292939,0.916788815021515,0.936345154285431,0.9636533820629122
../../../Data/SplitData/Cholesterol/cholesterol-separate-graphs-5A_exp5/Test/Positive/4NTJ-filtered_graphs.npy,0.9866726517677308,0.0112817352685928,32,PseudoPositive,StrongPositive,Positive,StrongPositive,StrongPositive,StrongPositive,StrongPositive,0.4477843587175011,0.6199022722244263,0.7052276944220066,0.792995017528534,0.8536438351869583,0.8884983432292939,0.916788815021515,0.936345154285431,0.9636533820629122
../../../Data/SplitData/Cholesterol/cholesterol-separate-graphs-5A_exp5/Test/Positive/4OR2-filtered_graphs.npy,0.9342375242710114,0.0487118196425431,40,PseudoPositive,StrongPositive,Positive,PseudoPositive,PseudoPositive,StrongPositive,StrongPositive,0.4477843587175011,0.6199022722244263,0.7052276944220066,0.792995017528534,0.8536438351869583,0.8884983432292939,0.916788815021515,0.936345154285431,0.9636533820629122
../../../Data/SplitData/Cholesterol/cholesterol-separate-graphs-5A_exp5/Test/Positive/4XNX-filtered_graphs.npy,0.865275799036026,0.1086379339710778,45,PseudoPositive,PseudoPositive,Positive,PseudoPositive,PseudoPositive,PseudoPositive,PseudoPositive,0.4477843587175011,0.6199022722244263,0.7052276944220066,0.792995017528534,0.8536438351869583,0.8884983432292939,0.916788815021515,0.936345154285431,0.9636533820629122
../../../Data/SplitData/Cholesterol/cholesterol-separate-graphs-5A_exp5/Test/Positive/4XP5-filtered_graphs.npy,0.8809659266471863,0.0854625841681986,47,PseudoPositive,PseudoPositive,Positive,PseudoPositive,PseudoPositive,PseudoPositive,PseudoPositive,0.4477843587175011,0.6199022722244263,0.7052276944220066,0.792995017528534,0.8536438351869583,0.8884983432292939,0.916788815021515,0.936345154285431,0.9636533820629122
../../../Data/SplitData/Cholesterol/cholesterol-separate-graphs-5A_exp5/Test/Positive/4XP9-filtered_graphs.npy,0.8446079814434051,0.0745721619134385,38,PseudoPositive,PseudoNegative,Positive,PseudoNegative,PseudoNegative,PseudoNegative,PseudoNegative,0.4477843587175011,0.6199022722244263,0.7052276944220066,0.792995017528534,0.8536438351869583,0.8884983432292939,0.916788815021515,0.936345154285431,0.9636533820629122
../../../Data/SplitData/Cholesterol/cholesterol-separate-graphs-5A_exp5/Test/Positive/4XPF-filtered_graphs.npy,0.9538934886455536,0.0366702133650424,44,PseudoPositive,StrongPositive,Positive,PseudoPositive,StrongPositive,StrongPositive,StrongPositive,0.4477843587175011,0.6199022722244263,0.7052276944220066,0.792995017528534,0.8536438351869583,0.8884983432292939,0.916788815021515,0.936345154285431,0.9636533820629122
../../../Data/SplitData/Cholesterol/cholesterol-separate-graphs-5A_exp5/Test/Positive/4XPH-filtered_graphs.npy,0.8750727999210358,0.1076017507004481,43,PseudoPositive,PseudoPositive,Positive,PseudoPositive,PseudoPositive,PseudoPositive,PseudoPositive,0.4477843587175011,0.6199022722244263,0.7052276944220066,0.792995017528534,0.8536438351869583,0.8884983432292939,0.916788815021515,0.936345154285431,0.9636533820629122
../../../Data/SplitData/Cholesterol/cholesterol-separate-graphs-5A_exp5/Test/Positive/5AVQ-filtered_graphs.npy,0.9456983840465546,0.0411687998536711,42,PseudoPositive,StrongPositive,Positive,PseudoPositive,StrongPositive,StrongPositive,StrongPositive,0.4477843587175011,0.6199022722244263,0.7052276944220066,0.792995017528534,0.8536438351869583,0.8884983432292939,0.916788815021515,0.936345154285431,0.9636533820629122
../../../Data/SplitData/Cholesterol/cholesterol-separate-graphs-5A_exp5/Test/Positive/5AVR-filtered_graphs.npy,0.9488704001903534,0.0391932070333622,43,PseudoPositive,StrongPositive,Positive,PseudoPositive,StrongPositive,StrongPositive,StrongPositive,0.4477843587175011,0.6199022722244263,0.7052276944220066,0.792995017528534,0.8536438351869583,0.8884983432292939,0.916788815021515,0.936345154285431,0.9636533820629122
../../../Data/SplitData/Cholesterol/cholesterol-separate-graphs-5A_exp5/Test/Positive/5AVU-filtered_graphs.npy,0.9457150173187256,0.0411577096098181,42,PseudoPositive,StrongPositive,Positive,PseudoPositive,StrongPositive,StrongPositive,StrongPositive,0.4477843587175011,0.6199022722244263,0.7052276944220066,0.792995017528534,0.8536438351869583,0.8884983432292939,0.916788815021515,0.936345154285431,0.9636533820629122
../../../Data/SplitData/Cholesterol/cholesterol-separate-graphs-5A_exp5/Test/Positive/5AVX-filtered_graphs.npy,0.9803904962539672,0.019247640156051,44,PseudoPositive,StrongPositive,Positive,StrongPositive,StrongPositive,StrongPositive,StrongPositive,0.4477843587175011,0.6199022722244263,0.7052276944220066,0.792995017528534,0.8536438351869583,0.8884983432292939,0.916788815021515,0.936345154285431,0.9636533820629122
../../../Data/SplitData/Cholesterol/cholesterol-separate-graphs-5A_exp5/Test/Positive/5AW2-filtered_graphs.npy,0.945702395439148,0.0411866909241206,42,PseudoPositive,StrongPositive,Positive,PseudoPositive,StrongPositive,StrongPositive,StrongPositive,0.4477843587175011,0.6199022722244263,0.7052276944220066,0.792995017528534,0.8536438351869583,0.8884983432292939,0.916788815021515,0.936345154285431,0.9636533820629122
../../../Data/SplitData/Cholesterol/cholesterol-separate-graphs-5A_exp5/Test/Positive/5AW5-filtered_graphs.npy,0.8928824210166931,0.0766097141354302,41,PseudoPositive,PseudoPositive,Positive,PseudoPositive,PseudoPositive,PseudoPositive,StrongPositive,0.4477843587175011,0.6199022722244263,0.7052276944220066,0.792995017528534,0.8536438351869583,0.8884983432292939,0.916788815021515,0.936345154285431,0.9636533820629122
../../../Data/SplitData/Cholesterol/cholesterol-separate-graphs-5A_exp5/Test/Positive/5I6X-filtered_graphs.npy,0.9389022159576416,0.0774526096746299,20,PseudoPositive,StrongPositive,Positive,PseudoPositive,StrongPositive,StrongPositive,StrongPositive,0.4477843587175011,0.6199022722244263,0.7052276944220066,0.792995017528534,0.8536438351869583,0.8884983432292939,0.916788815021515,0.936345154285431,0.9636533820629122
../../../Data/SplitData/Cholesterol/cholesterol-separate-graphs-5A_exp5/Test/Positive/5I75-filtered_graphs.npy,0.9348993074893952,0.062310584612426,20,PseudoPositive,StrongPositive,Positive,PseudoPositive,PseudoPositive,StrongPositive,StrongPositive,0.4477843587175011,0.6199022722244263,0.7052276944220066,0.792995017528534,0.8536438351869583,0.8884983432292939,0.916788815021515,0.936345154285431,0.9636533820629122
../../../Data/SplitData/Cholesterol/cholesterol-separate-graphs-5A_exp5/Test/Positive/5K2C-filtered_graphs.npy,0.8690620326995849,0.0770838141223917,39,PseudoPositive,PseudoPositive,Positive,PseudoPositive,PseudoPositive,PseudoPositive,PseudoPositive,0.4477843587175011,0.6199022722244263,0.7052276944220066,0.792995017528534,0.8536438351869583,0.8884983432292939,0.916788815021515,0.936345154285431,0.9636533820629122
../../../Data/SplitData/Cholesterol/cholesterol-separate-graphs-5A_exp5/Test/Positive/5L7D-filtered_graphs.npy,0.4022391980886459,0.1228522848729296,84,PseudoNegative,StrongNegative,Negative,StrongNegative,StrongNegative,StrongNegative,StrongNegative,0.4477843587175011,0.6199022722244263,0.7052276944220066,0.792995017528534,0.8536438351869583,0.8884983432292939,0.916788815021515,0.936345154285431,0.9636533820629122
../../../Data/SplitData/Cholesterol/cholesterol-separate-graphs-5A_exp5/Test/Positive/5N2R-filtered_graphs.npy,0.8993982434272766,0.0479406298337236,47,PseudoPositive,PseudoPositive,Positive,PseudoPositive,PseudoPositive,PseudoPositive,StrongPositive,0.4477843587175011,0.6199022722244263,0.7052276944220066,0.792995017528534,0.8536438351869583,0.8884983432292939,0.916788815021515,0.936345154285431,0.9636533820629122
../../../Data/SplitData/Cholesterol/cholesterol-separate-graphs-5A_exp5/Test/Positive/5TVN-filtered_graphs.npy,0.8646611368656159,0.0880526825510094,40,PseudoPositive,PseudoPositive,Positive,PseudoPositive,PseudoPositive,PseudoPositive,PseudoPositive,0.4477843587175011,0.6199022722244263,0.7052276944220066,0.792995017528534,0.8536438351869583,0.8884983432292939,0.916788815021515,0.936345154285431,0.9636533820629122
../../../Data/SplitData/Cholesterol/cholesterol-separate-graphs-5A_exp5/Test/Positive/5UVI-filtered_graphs.npy,0.9356181728839874,0.0463888364574071,38,PseudoPositive,StrongPositive,Positive,PseudoPositive,PseudoPositive,StrongPositive,StrongPositive,0.4477843587175011,0.6199022722244263,0.7052276944220066,0.792995017528534,0.8536438351869583,0.8884983432292939,0.916788815021515,0.936345154285431,0.9636533820629122
../../../Data/SplitData/Cholesterol/cholesterol-separate-graphs-5A_exp5/Test/Positive/5WVR-filtered_graphs.npy,0.4859190887212753,0.136025506865319,81,PseudoNegative,StrongNegative,Negative,PseudoNegative,StrongNegative,StrongNegative,StrongNegative,0.4477843587175011,0.6199022722244263,0.7052276944220066,0.792995017528534,0.8536438351869583,0.8884983432292939,0.916788815021515,0.936345154285431,0.9636533820629122
../../../Data/SplitData/Cholesterol/cholesterol-separate-graphs-5A_exp5/Test/Positive/6CO7-filtered_graphs.npy,0.9181868767738344,0.0640849168726982,55,PseudoPositive,PseudoPositive,Positive,PseudoPositive,PseudoPositive,StrongPositive,StrongPositive,0.4477843587175011,0.6199022722244263,0.7052276944220066,0.792995017528534,0.8536438351869583,0.8884983432292939,0.916788815021515,0.936345154285431,0.9636533820629122
../../../Data/SplitData/Cholesterol/cholesterol-separate-graphs-5A_exp5/Test/Positive/6IIU-filtered_graphs.npy,0.2071740898117423,0.1354052562553411,42,PseudoNegative,StrongNegative,Negative,StrongNegative,StrongNegative,StrongNegative,StrongNegative,0.4477843587175011,0.6199022722244263,0.7052276944220066,0.792995017528534,0.8536438351869583,0.8884983432292939,0.916788815021515,0.936345154285431,0.9636533820629122
../../../Data/SplitData/Cholesterol/cholesterol-separate-graphs-5A_exp5/Test/Positive/6IIV-filtered_graphs.npy,0.9141262292861938,0.063273973861225,31,PseudoPositive,PseudoPositive,Positive,PseudoPositive,PseudoPositive,PseudoPositive,StrongPositive,0.4477843587175011,0.6199022722244263,0.7052276944220066,0.792995017528534,0.8536438351869583,0.8884983432292939,0.916788815021515,0.936345154285431,0.9636533820629122
../../../Data/SplitData/Cholesterol/cholesterol-separate-graphs-5A_exp5/Test/Positive/6LR4-filtered_graphs.npy,0.5766385912895202,0.1595801976931081,28,PseudoNegative,StrongNegative,Positive,PseudoNegative,StrongNegative,StrongNegative,StrongNegative,0.4477843587175011,0.6199022722244263,0.7052276944220066,0.792995017528534,0.8536438351869583,0.8884983432292939,0.916788815021515,0.936345154285431,0.9636533820629122
../../../Data/SplitData/Cholesterol/cholesterol-separate-graphs-5A_exp5/Test/Positive/6M3Z-filtered_graphs.npy,0.8096056282520294,0.0826209236969188,39,PseudoPositive,PseudoNegative,Positive,PseudoNegative,PseudoNegative,PseudoNegative,PseudoNegative,0.4477843587175011,0.6199022722244263,0.7052276944220066,0.792995017528534,0.8536438351869583,0.8884983432292939,0.916788815021515,0.936345154285431,0.9636533820629122
../../../Data/SplitData/Cholesterol/cholesterol-separate-graphs-5A_exp5/Test/Positive/6NBF-filtered_graphs.npy,0.8437747865915298,0.1416751372332639,29,PseudoPositive,PseudoNegative,Positive,PseudoNegative,PseudoNegative,PseudoNegative,PseudoNegative,0.4477843587175011,0.6199022722244263,0.7052276944220066,0.792995017528534,0.8536438351869583,0.8884983432292939,0.916788815021515,0.936345154285431,0.9636533820629122
../../../Data/SplitData/Cholesterol/cholesterol-separate-graphs-5A_exp5/Test/Positive/6NF4-filtered_graphs.npy,0.4460224130749702,0.2173791886087634,50,PseudoNegative,StrongNegative,Negative,StrongNegative,StrongNegative,StrongNegative,StrongNegative,0.4477843587175011,0.6199022722244263,0.7052276944220066,0.792995017528534,0.8536438351869583,0.8884983432292939,0.916788815021515,0.936345154285431,0.9636533820629122
../../../Data/SplitData/Cholesterol/cholesterol-separate-graphs-5A_exp5/Test/Positive/6OS1-filtered_graphs.npy,0.6773899680376053,0.1906914248714933,19,PseudoNegative,PseudoNegative,Positive,PseudoNegative,PseudoNegative,StrongNegative,StrongNegative,0.4477843587175011,0.6199022722244263,0.7052276944220066,0.792995017528534,0.8536438351869583,0.8884983432292939,0.916788815021515,0.936345154285431,0.9636533820629122
../../../Data/SplitData/Cholesterol/cholesterol-separate-graphs-5A_exp5/Test/Positive/6PRZ-filtered_graphs.npy,0.9572958266735077,0.0271964370788099,53,PseudoPositive,StrongPositive,Positive,PseudoPositive,StrongPositive,StrongPositive,StrongPositive,0.4477843587175011,0.6199022722244263,0.7052276944220066,0.792995017528534,0.8536438351869583,0.8884983432292939,0.916788815021515,0.936345154285431,0.9636533820629122
../../../Data/SplitData/Cholesterol/cholesterol-separate-graphs-5A_exp5/Test/Positive/6PS7-filtered_graphs.npy,0.8878055477142334,0.0793269794164153,39,PseudoPositive,PseudoPositive,Positive,PseudoPositive,PseudoPositive,PseudoPositive,PseudoPositive,0.4477843587175011,0.6199022722244263,0.7052276944220066,0.792995017528534,0.8536438351869583,0.8884983432292939,0.916788815021515,0.936345154285431,0.9636533820629122
../../../Data/SplitData/Cholesterol/cholesterol-separate-graphs-5A_exp5/Test/Positive/6RZ7-filtered_graphs.npy,0.950297758579254,0.0602135181448225,28,PseudoPositive,StrongPositive,Positive,PseudoPositive,StrongPositive,StrongPositive,StrongPositive,0.4477843587175011,0.6199022722244263,0.7052276944220066,0.792995017528534,0.8536438351869583,0.8884983432292939,0.916788815021515,0.936345154285431,0.9636533820629122
../../../Data/SplitData/Cholesterol/cholesterol-separate-graphs-5A_exp5/Test/Positive/6WBG-filtered_graphs.npy,0.9565863263607024,0.0326623806086419,30,PseudoPositive,StrongPositive,Positive,PseudoPositive,StrongPositive,StrongPositive,StrongPositive,0.4477843587175011,0.6199022722244263,0.7052276944220066,0.792995017528534,0.8536438351869583,0.8884983432292939,0.916788815021515,0.936345154285431,0.9636533820629122
../../../Data/SplitData/Cholesterol/cholesterol-separate-graphs-5A_exp5/Test/Positive/6WBN-filtered_graphs.npy,0.9643790519237518,0.0282502529574209,24,PseudoPositive,StrongPositive,Positive,StrongPositive,StrongPositive,StrongPositive,StrongPositive,0.4477843587175011,0.6199022722244263,0.7052276944220066,0.792995017528534,0.8536438351869583,0.8884983432292939,0.916788815021515,0.936345154285431,0.9636533820629122
../../../Data/SplitData/Cholesterol/cholesterol-separate-graphs-5A_exp5/Test/Positive/6XBK-filtered_graphs.npy,0.8789387249946594,0.0882498464500526,73,PseudoPositive,PseudoPositive,Positive,PseudoPositive,PseudoPositive,PseudoPositive,PseudoPositive,0.4477843587175011,0.6199022722244263,0.7052276944220066,0.792995017528534,0.8536438351869583,0.8884983432292939,0.916788815021515,0.936345154285431,0.9636533820629122
../../../Data/SplitData/Cholesterol/cholesterol-separate-graphs-5A_exp5/Test/Positive/6ZDR-filtered_graphs.npy,0.8818022513389587,0.0561071015655419,47,PseudoPositive,PseudoPositive,Positive,PseudoPositive,PseudoPositive,PseudoPositive,PseudoPositive,0.4477843587175011,0.6199022722244263,0.7052276944220066,0.792995017528534,0.8536438351869583,0.8884983432292939,0.916788815021515,0.936345154285431,0.9636533820629122
../../../Data/SplitData/Cholesterol/cholesterol-separate-graphs-5A_exp5/Test/Positive/7A69-filtered_graphs.npy,0.7078717106580734,0.1754205529605564,21,PseudoNegative,PseudoNegative,Positive,PseudoNegative,PseudoNegative,PseudoNegative,StrongNegative,0.4477843587175011,0.6199022722244263,0.7052276944220066,0.792995017528534,0.8536438351869583,0.8884983432292939,0.916788815021515,0.936345154285431,0.9636533820629122
../../../Data/SplitData/Cholesterol/cholesterol-separate-graphs-5A_exp5/Test/Positive/7ARO-filtered_graphs.npy,0.8904119873046875,0.0655332775732609,43,PseudoPositive,PseudoPositive,Positive,PseudoPositive,PseudoPositive,PseudoPositive,StrongPositive,0.4477843587175011,0.6199022722244263,0.7052276944220066,0.792995017528534,0.8536438351869583,0.8884983432292939,0.916788815021515,0.936345154285431,0.9636533820629122
../../../Data/SplitData/Cholesterol/cholesterol-separate-graphs-5A_exp5/Test/Positive/7CFN-filtered_graphs.npy,0.8828363358974457,0.1273504544814817,28,PseudoPositive,PseudoPositive,Positive,PseudoPositive,PseudoPositive,PseudoPositive,PseudoPositive,0.4477843587175011,0.6199022722244263,0.7052276944220066,0.792995017528534,0.8536438351869583,0.8884983432292939,0.916788815021515,0.936345154285431,0.9636533820629122
../../../Data/SplitData/Cholesterol/cholesterol-separate-graphs-5A_exp5/Test/Positive/7CKY-filtered_graphs.npy,0.8894445812702179,0.068598172951854,35,PseudoPositive,PseudoPositive,Positive,PseudoPositive,PseudoPositive,PseudoPositive,StrongPositive,0.4477843587175011,0.6199022722244263,0.7052276944220066,0.792995017528534,0.8536438351869583,0.8884983432292939,0.916788815021515,0.936345154285431,0.9636533820629122
../../../Data/SplitData/Cholesterol/cholesterol-separate-graphs-5A_exp5/Test/Positive/7D76-filtered_graphs.npy,0.9391701185703276,0.0648282873968734,24,PseudoPositive,StrongPositive,Positive,PseudoPositive,StrongPositive,StrongPositive,StrongPositive,0.4477843587175011,0.6199022722244263,0.7052276944220066,0.792995017528534,0.8536438351869583,0.8884983432292939,0.916788815021515,0.936345154285431,0.9636533820629122
../../../Data/SplitData/Cholesterol/cholesterol-separate-graphs-5A_exp5/Test/Positive/7DDH-filtered_graphs.npy,0.5644226485490799,0.1067337033162023,56,PseudoNegative,StrongNegative,Positive,PseudoNegative,StrongNegative,StrongNegative,StrongNegative,0.4477843587175011,0.6199022722244263,0.7052276944220066,0.792995017528534,0.8536438351869583,0.8884983432292939,0.916788815021515,0.936345154285431,0.9636533820629122
../../../Data/SplitData/Cholesterol/cholesterol-separate-graphs-5A_exp5/Test/Positive/7DF8-filtered_graphs.npy,0.8567076015472412,0.1397980056834283,19,PseudoPositive,PseudoPositive,Positive,PseudoPositive,PseudoPositive,PseudoPositive,PseudoPositive,0.4477843587175011,0.6199022722244263,0.7052276944220066,0.792995017528534,0.8536438351869583,0.8884983432292939,0.916788815021515,0.936345154285431,0.9636533820629122
../../../Data/SplitData/Cholesterol/cholesterol-separate-graphs-5A_exp5/Test/Positive/7DTY-filtered_graphs.npy,0.9672412085533142,0.0275345460876713,29,PseudoPositive,StrongPositive,Positive,StrongPositive,StrongPositive,StrongPositive,StrongPositive,0.4477843587175011,0.6199022722244263,0.7052276944220066,0.792995017528534,0.8536438351869583,0.8884983432292939,0.916788815021515,0.936345154285431,0.9636533820629122
../../../Data/SplitData/Cholesterol/cholesterol-separate-graphs-5A_exp5/Test/Positive/7EKP-filtered_graphs.npy,0.9844368481636048,0.017474998055198,35,PseudoPositive,StrongPositive,Positive,StrongPositive,StrongPositive,StrongPositive,StrongPositive,0.4477843587175011,0.6199022722244263,0.7052276944220066,0.792995017528534,0.8536438351869583,0.8884983432292939,0.916788815021515,0.936345154285431,0.9636533820629122
../../../Data/SplitData/Cholesterol/cholesterol-separate-graphs-5A_exp5/Test/Positive/7F61-filtered_graphs.npy,0.263883822709322,0.1053862516870909,59,PseudoNegative,StrongNegative,Negative,StrongNegative,StrongNegative,StrongNegative,StrongNegative,0.4477843587175011,0.6199022722244263,0.7052276944220066,0.792995017528534,0.8536438351869583,0.8884983432292939,0.916788815021515,0.936345154285431,0.9636533820629122
../../../Data/SplitData/Cholesterol/cholesterol-separate-graphs-5A_exp5/Test/Positive/7FEE-filtered_graphs.npy,0.5790602214634418,0.2269246579659292,33,PseudoNegative,StrongNegative,Positive,PseudoNegative,StrongNegative,StrongNegative,StrongNegative,0.4477843587175011,0.6199022722244263,0.7052276944220066,0.792995017528534,0.8536438351869583,0.8884983432292939,0.916788815021515,0.936345154285431,0.9636533820629122
../../../Data/SplitData/Cholesterol/cholesterol-separate-graphs-5A_exp5/Test/Positive/7FIY-filtered_graphs.npy,0.9815622878074646,0.0217971815862059,23,PseudoPositive,StrongPositive,Positive,StrongPositive,StrongPositive,StrongPositive,StrongPositive,0.4477843587175011,0.6199022722244263,0.7052276944220066,0.792995017528534,0.8536438351869583,0.8884983432292939,0.916788815021515,0.936345154285431,0.9636533820629122
../../../Data/SplitData/Cholesterol/cholesterol-separate-graphs-5A_exp5/Test/Positive/7FJD-filtered_graphs.npy,0.3194933512806892,0.1645068071947405,57,PseudoNegative,StrongNegative,Negative,StrongNegative,StrongNegative,StrongNegative,StrongNegative,0.4477843587175011,0.6199022722244263,0.7052276944220066,0.792995017528534,0.8536438351869583,0.8884983432292939,0.916788815021515,0.936345154285431,0.9636533820629122
../../../Data/SplitData/Cholesterol/cholesterol-separate-graphs-5A_exp5/Test/Positive/7FJE-filtered_graphs.npy,0.3027845491468906,0.1430787088093327,58,PseudoNegative,StrongNegative,Negative,StrongNegative,StrongNegative,StrongNegative,StrongNegative,0.4477843587175011,0.6199022722244263,0.7052276944220066,0.792995017528534,0.8536438351869583,0.8884983432292939,0.916788815021515,0.936345154285431,0.9636533820629122
../../../Data/SplitData/Cholesterol/cholesterol-separate-graphs-5A_exp5/Test/Positive/7LJC-filtered_graphs.npy,0.951081531047821,0.0492891914370994,36,PseudoPositive,StrongPositive,Positive,PseudoPositive,StrongPositive,StrongPositive,StrongPositive,0.4477843587175011,0.6199022722244263,0.7052276944220066,0.792995017528534,0.8536438351869583,0.8884983432292939,0.916788815021515,0.936345154285431,0.9636533820629122
../../../Data/SplitData/Cholesterol/cholesterol-separate-graphs-5A_exp5/Test/Positive/7LKP-filtered_graphs.npy,0.9990708780288696,0.0016738720042847,9,StrongPositive,StrongPositive,Positive,StrongPositive,StrongPositive,StrongPositive,StrongPositive,0.4477843587175011,0.6199022722244263,0.7052276944220066,0.792995017528534,0.8536438351869583,0.8884983432292939,0.916788815021515,0.936345154285431,0.9636533820629122
../../../Data/SplitData/Cholesterol/cholesterol-separate-graphs-5A_exp5/Test/Positive/7M5X-filtered_graphs.npy,0.802800930738449,0.1428424058768399,29,PseudoPositive,PseudoNegative,Positive,PseudoNegative,PseudoNegative,PseudoNegative,PseudoNegative,0.4477843587175011,0.6199022722244263,0.7052276944220066,0.792995017528534,0.8536438351869583,0.8884983432292939,0.916788815021515,0.936345154285431,0.9636533820629122
../../../Data/SplitData/Cholesterol/cholesterol-separate-graphs-5A_exp5/Test/Positive/7NEQ-filtered_graphs.npy,0.9857922184467316,0.0154590593322002,33,PseudoPositive,StrongPositive,Positive,StrongPositive,StrongPositive,StrongPositive,StrongPositive,0.4477843587175011,0.6199022722244263,0.7052276944220066,0.792995017528534,0.8536438351869583,0.8884983432292939,0.916788815021515,0.936345154285431,0.9636533820629122
../../../Data/SplitData/Cholesterol/cholesterol-separate-graphs-5A_exp5/Test/Positive/7OCA-filtered_graphs.npy,0.89955157995224,0.0679326231190514,41,PseudoPositive,PseudoPositive,Positive,PseudoPositive,PseudoPositive,PseudoPositive,StrongPositive,0.4477843587175011,0.6199022722244263,0.7052276944220066,0.792995017528534,0.8536438351869583,0.8884983432292939,0.916788815021515,0.936345154285431,0.9636533820629122
../../../Data/SplitData/Cholesterol/cholesterol-separate-graphs-5A_exp5/Test/Positive/7P02-filtered_graphs.npy,0.793115826845169,0.1126870129973145,56,PseudoPositive,PseudoNegative,Positive,PseudoNegative,PseudoNegative,PseudoNegative,PseudoNegative,0.4477843587175011,0.6199022722244263,0.7052276944220066,0.792995017528534,0.8536438351869583,0.8884983432292939,0.916788815021515,0.936345154285431,0.9636533820629122
../../../Data/SplitData/Cholesterol/cholesterol-separate-graphs-5A_exp5/Test/Positive/7SHE-filtered_graphs.npy,0.996855010986328,0.0045824157119226,25,PseudoPositive,StrongPositive,Positive,StrongPositive,StrongPositive,StrongPositive,StrongPositive,0.4477843587175011,0.6199022722244263,0.7052276944220066,0.792995017528534,0.8536438351869583,0.8884983432292939,0.916788815021515,0.936345154285431,0.9636533820629122
../../../Data/SplitData/Cholesterol/cholesterol-separate-graphs-5A_exp5/Test/Positive/7SHF-filtered_graphs.npy,0.949704246520996,0.0742317497892105,26,PseudoPositive,StrongPositive,Positive,PseudoPositive,StrongPositive,StrongPositive,StrongPositive,0.4477843587175011,0.6199022722244263,0.7052276944220066,0.792995017528534,0.8536438351869583,0.8884983432292939,0.916788815021515,0.936345154285431,0.9636533820629122
../../../Data/SplitData/Cholesterol/cholesterol-separate-graphs-5A_exp5/Test/Positive/7SK7-filtered_graphs.npy,0.3293925581872463,0.1119656311106161,64,PseudoNegative,StrongNegative,Negative,StrongNegative,StrongNegative,StrongNegative,StrongNegative,0.4477843587175011,0.6199022722244263,0.7052276944220066,0.792995017528534,0.8536438351869583,0.8884983432292939,0.916788815021515,0.936345154285431,0.9636533820629122
../../../Data/SplitData/Cholesterol/cholesterol-separate-graphs-5A_exp5/Test/Positive/7SMQ-filtered_graphs.npy,0.9385827672481536,0.0478769621340467,30,PseudoPositive,StrongPositive,Positive,PseudoPositive,StrongPositive,StrongPositive,StrongPositive,0.4477843587175011,0.6199022722244263,0.7052276944220066,0.792995017528534,0.8536438351869583,0.8884983432292939,0.916788815021515,0.936345154285431,0.9636533820629122
../../../Data/SplitData/Cholesterol/cholesterol-separate-graphs-5A_exp5/Test/Positive/7SMS-filtered_graphs.npy,0.8921533703804017,0.0942470509042196,33,PseudoPositive,PseudoPositive,Positive,PseudoPositive,PseudoPositive,PseudoPositive,StrongPositive,0.4477843587175011,0.6199022722244263,0.7052276944220066,0.792995017528534,0.8536438351869583,0.8884983432292939,0.916788815021515,0.936345154285431,0.9636533820629122
../../../Data/SplitData/Cholesterol/cholesterol-separate-graphs-5A_exp5/Test/Positive/7SMT-filtered_graphs.npy,0.9471973288059234,0.0380450453551914,35,PseudoPositive,StrongPositive,Positive,PseudoPositive,StrongPositive,StrongPositive,StrongPositive,0.4477843587175011,0.6199022722244263,0.7052276944220066,0.792995017528534,0.8536438351869583,0.8884983432292939,0.916788815021515,0.936345154285431,0.9636533820629122
../../../Data/SplitData/Cholesterol/cholesterol-separate-graphs-5A_exp5/Test/Positive/7TBW-filtered_graphs.npy,0.8453250706195832,0.1581192878922349,37,PseudoPositive,PseudoNegative,Positive,PseudoNegative,PseudoNegative,PseudoNegative,PseudoNegative,0.4477843587175011,0.6199022722244263,0.7052276944220066,0.792995017528534,0.8536438351869583,0.8884983432292939,0.916788815021515,0.936345154285431,0.9636533820629122
../../../Data/SplitData/Cholesterol/cholesterol-separate-graphs-5A_exp5/Test/Positive/7TY4-filtered_graphs.npy,0.7279817485809326,0.0900773570478394,41,PseudoNegative,PseudoNegative,Positive,PseudoNegative,PseudoNegative,PseudoNegative,StrongNegative,0.4477843587175011,0.6199022722244263,0.7052276944220066,0.792995017528534,0.8536438351869583,0.8884983432292939,0.916788815021515,0.936345154285431,0.9636533820629122
../../../Data/SplitData/Cholesterol/cholesterol-separate-graphs-5A_exp5/Test/Positive/7TY8-filtered_graphs.npy,0.7223747396469116,0.0983531566591812,39,PseudoNegative,PseudoNegative,Positive,PseudoNegative,PseudoNegative,PseudoNegative,StrongNegative,0.4477843587175011,0.6199022722244263,0.7052276944220066,0.792995017528534,0.8536438351869583,0.8884983432292939,0.916788815021515,0.936345154285431,0.9636533820629122
../../../Data/SplitData/Cholesterol/cholesterol-separate-graphs-5A_exp5/Test/Positive/7UHG-filtered_graphs.npy,0.9338689148426056,0.0505333815664018,37,PseudoPositive,StrongPositive,Positive,PseudoPositive,PseudoPositive,StrongPositive,StrongPositive,0.4477843587175011,0.6199022722244263,0.7052276944220066,0.792995017528534,0.8536438351869583,0.8884983432292939,0.916788815021515,0.936345154285431,0.9636533820629122
../../../Data/SplitData/Cholesterol/cholesterol-separate-graphs-5A_exp5/Test/Positive/7URA-filtered_graphs.npy,0.9229611039161684,0.063052687364486,30,PseudoPositive,PseudoPositive,Positive,PseudoPositive,PseudoPositive,StrongPositive,StrongPositive,0.4477843587175011,0.6199022722244263,0.7052276944220066,0.792995017528534,0.8536438351869583,0.8884983432292939,0.916788815021515,0.936345154285431,0.9636533820629122
../../../Data/SplitData/Cholesterol/cholesterol-separate-graphs-5A_exp5/Test/Positive/7VAB-filtered_graphs.npy,0.9834305787086488,0.0153425840221229,32,PseudoPositive,StrongPositive,Positive,StrongPositive,StrongPositive,StrongPositive,StrongPositive,0.4477843587175011,0.6199022722244263,0.7052276944220066,0.792995017528534,0.8536438351869583,0.8884983432292939,0.916788815021515,0.936345154285431,0.9636533820629122
../../../Data/SplitData/Cholesterol/cholesterol-separate-graphs-5A_exp5/Test/Positive/7VDH-filtered_graphs.npy,0.957351746559143,0.0344401623633222,41,PseudoPositive,StrongPositive,Positive,PseudoPositive,StrongPositive,StrongPositive,StrongPositive,0.4477843587175011,0.6199022722244263,0.7052276944220066,0.792995017528534,0.8536438351869583,0.8884983432292939,0.916788815021515,0.936345154285431,0.9636533820629122
../../../Data/SplitData/Cholesterol/cholesterol-separate-graphs-5A_exp5/Test/Positive/7VDL-filtered_graphs.npy,0.943808159828186,0.038397951037222,45,PseudoPositive,StrongPositive,Positive,PseudoPositive,StrongPositive,StrongPositive,StrongPositive,0.4477843587175011,0.6199022722244263,0.7052276944220066,0.792995017528534,0.8536438351869583,0.8884983432292939,0.916788815021515,0.936345154285431,0.9636533820629122
../../../Data/SplitData/Cholesterol/cholesterol-separate-graphs-5A_exp5/Test/Positive/7VGZ-filtered_graphs.npy,0.9803238880634308,0.0186944726696487,38,PseudoPositive,StrongPositive,Positive,StrongPositive,StrongPositive,StrongPositive,StrongPositive,0.4477843587175011,0.6199022722244263,0.7052276944220066,0.792995017528534,0.8536438351869583,0.8884983432292939,0.916788815021515,0.936345154285431,0.9636533820629122
../../../Data/SplitData/Cholesterol/cholesterol-separate-graphs-5A_exp5/Test/Positive/7VL9-filtered_graphs.npy,0.8360504078865051,0.0880554941077952,41,PseudoPositive,PseudoNegative,Positive,PseudoNegative,PseudoNegative,PseudoNegative,PseudoNegative,0.4477843587175011,0.6199022722244263,0.7052276944220066,0.792995017528534,0.8536438351869583,0.8884983432292939,0.916788815021515,0.936345154285431,0.9636533820629122
../../../Data/SplitData/Cholesterol/cholesterol-separate-graphs-5A_exp5/Test/Positive/7VOD-filtered_graphs.npy,0.9554084992408752,0.0847950444088633,14,PseudoPositive,StrongPositive,Positive,PseudoPositive,StrongPositive,StrongPositive,StrongPositive,0.4477843587175011,0.6199022722244263,0.7052276944220066,0.792995017528534,0.8536438351869583,0.8884983432292939,0.916788815021515,0.936345154285431,0.9636533820629122
../../../Data/SplitData/Cholesterol/cholesterol-separate-graphs-5A_exp5/Test/Positive/7VR7-filtered_graphs.npy,0.7449305671453476,0.1412656202842629,43,PseudoNegative,PseudoNegative,Positive,PseudoNegative,PseudoNegative,PseudoNegative,StrongNegative,0.4477843587175011,0.6199022722244263,0.7052276944220066,0.792995017528534,0.8536438351869583,0.8884983432292939,0.916788815021515,0.936345154285431,0.9636533820629122
../../../Data/SplitData/Cholesterol/cholesterol-separate-graphs-5A_exp5/Test/Positive/7VV4-filtered_graphs.npy,0.9770864152908324,0.0179371224395044,39,PseudoPositive,StrongPositive,Positive,StrongPositive,StrongPositive,StrongPositive,StrongPositive,0.4477843587175011,0.6199022722244263,0.7052276944220066,0.792995017528534,0.8536438351869583,0.8884983432292939,0.916788815021515,0.936345154285431,0.9636533820629122
../../../Data/SplitData/Cholesterol/cholesterol-separate-graphs-5A_exp5/Test/Positive/7WC4-filtered_graphs.npy,0.9810316133499144,0.0483000348997546,13,PseudoPositive,StrongPositive,Positive,StrongPositive,StrongPositive,StrongPositive,StrongPositive,0.4477843587175011,0.6199022722244263,0.7052276944220066,0.792995017528534,0.8536438351869583,0.8884983432292939,0.916788815021515,0.936345154285431,0.9636533820629122
../../../Data/SplitData/Cholesterol/cholesterol-separate-graphs-5A_exp5/Test/Positive/7WGD-filtered_graphs.npy,0.8432748782634735,0.084886591429637,42,PseudoPositive,PseudoNegative,Positive,PseudoNegative,PseudoNegative,PseudoNegative,PseudoNegative,0.4477843587175011,0.6199022722244263,0.7052276944220066,0.792995017528534,0.8536438351869583,0.8884983432292939,0.916788815021515,0.936345154285431,0.9636533820629122
../../../Data/SplitData/Cholesterol/cholesterol-separate-graphs-5A_exp5/Test/Positive/7WGT-filtered_graphs.npy,0.8740647280216217,0.0647800263122412,38,PseudoPositive,PseudoPositive,Positive,PseudoPositive,PseudoPositive,PseudoPositive,PseudoPositive,0.4477843587175011,0.6199022722244263,0.7052276944220066,0.792995017528534,0.8536438351869583,0.8884983432292939,0.916788815021515,0.936345154285431,0.9636533820629122
../../../Data/SplitData/Cholesterol/cholesterol-separate-graphs-5A_exp5/Test/Positive/7WQ4-filtered_graphs.npy,0.9903979218006134,0.0195598367927669,22,PseudoPositive,StrongPositive,Positive,StrongPositive,StrongPositive,StrongPositive,StrongPositive,0.4477843587175011,0.6199022722244263,0.7052276944220066,0.792995017528534,0.8536438351869583,0.8884983432292939,0.916788815021515,0.936345154285431,0.9636533820629122
../../../Data/SplitData/Cholesterol/cholesterol-separate-graphs-5A_exp5/Test/Positive/7WU5-filtered_graphs.npy,0.909953829050064,0.104898292083158,23,PseudoPositive,PseudoPositive,Positive,PseudoPositive,PseudoPositive,PseudoPositive,StrongPositive,0.4477843587175011,0.6199022722244263,0.7052276944220066,0.792995017528534,0.8536438351869583,0.8884983432292939,0.916788815021515,0.936345154285431,0.9636533820629122
../../../Data/SplitData/Cholesterol/cholesterol-separate-graphs-5A_exp5/Test/Positive/7WYZ-filtered_graphs.npy,0.6552130836248398,0.118268903224113,52,PseudoNegative,PseudoNegative,Positive,PseudoNegative,PseudoNegative,StrongNegative,StrongNegative,0.4477843587175011,0.6199022722244263,0.7052276944220066,0.792995017528534,0.8536438351869583,0.8884983432292939,0.916788815021515,0.936345154285431,0.9636533820629122
../../../Data/SplitData/Cholesterol/cholesterol-separate-graphs-5A_exp5/Test/Positive/7X22-filtered_graphs.npy,0.1576231415569782,0.0928700622276581,45,PseudoNegative,StrongNegative,Negative,StrongNegative,StrongNegative,StrongNegative,StrongNegative,0.4477843587175011,0.6199022722244263,0.7052276944220066,0.792995017528534,0.8536438351869583,0.8884983432292939,0.916788815021515,0.936345154285431,0.9636533820629122
../../../Data/SplitData/Cholesterol/cholesterol-separate-graphs-5A_exp5/Test/Positive/7XER-filtered_graphs.npy,0.9521705663204192,0.0298239829892739,45,PseudoPositive,StrongPositive,Positive,PseudoPositive,StrongPositive,StrongPositive,StrongPositive,0.4477843587175011,0.6199022722244263,0.7052276944220066,0.792995017528534,0.8536438351869583,0.8884983432292939,0.916788815021515,0.936345154285431,0.9636533820629122
../../../Data/SplitData/Cholesterol/cholesterol-separate-graphs-5A_exp5/Test/Positive/7XVF-filtered_graphs.npy,0.3099270769953727,0.2045444747682659,36,PseudoNegative,StrongNegative,Negative,StrongNegative,StrongNegative,StrongNegative,StrongNegative,0.4477843587175011,0.6199022722244263,0.7052276944220066,0.792995017528534,0.8536438351869583,0.8884983432292939,0.916788815021515,0.936345154285431,0.9636533820629122
../../../Data/SplitData/Cholesterol/cholesterol-separate-graphs-5A_exp5/Test/Positive/7Y5X-filtered_graphs.npy,0.9108546566963196,0.097152595776879,33,PseudoPositive,PseudoPositive,Positive,PseudoPositive,PseudoPositive,PseudoPositive,StrongPositive,0.4477843587175011,0.6199022722244263,0.7052276944220066,0.792995017528534,0.8536438351869583,0.8884983432292939,0.916788815021515,0.936345154285431,0.9636533820629122
../../../Data/SplitData/Cholesterol/cholesterol-separate-graphs-5A_exp5/Test/Positive/8BI0-filtered_graphs.npy,0.9567949879169464,0.0330704800398807,30,PseudoPositive,StrongPositive,Positive,PseudoPositive,StrongPositive,StrongPositive,StrongPositive,0.4477843587175011,0.6199022722244263,0.7052276944220066,0.792995017528534,0.8536438351869583,0.8884983432292939,0.916788815021515,0.936345154285431,0.9636533820629122
../../../Data/SplitData/Cholesterol/cholesterol-separate-graphs-5A_exp5/Test/Positive/8C9W-filtered_graphs.npy,0.8002267479896545,0.0781930809928037,55,PseudoPositive,PseudoNegative,Positive,PseudoNegative,PseudoNegative,PseudoNegative,PseudoNegative,0.4477843587175011,0.6199022722244263,0.7052276944220066,0.792995017528534,0.8536438351869583,0.8884983432292939,0.916788815021515,0.936345154285431,0.9636533820629122
../../../Data/SplitData/Cholesterol/cholesterol-separate-graphs-5A_exp5/Test/Positive/8CRR-filtered_graphs.npy,0.7212941801548004,0.1025472766756651,59,PseudoNegative,PseudoNegative,Positive,PseudoNegative,PseudoNegative,PseudoNegative,StrongNegative,0.4477843587175011,0.6199022722244263,0.7052276944220066,0.792995017528534,0.8536438351869583,0.8884983432292939,0.916788815021515,0.936345154285431,0.9636533820629122
../../../Data/SplitData/Cholesterol/cholesterol-separate-graphs-5A_exp5/Test/Positive/8DPH-filtered_graphs.npy,0.6869168475270271,0.1701928563516984,55,PseudoNegative,PseudoNegative,Positive,PseudoNegative,PseudoNegative,StrongNegative,StrongNegative,0.4477843587175011,0.6199022722244263,0.7052276944220066,0.792995017528534,0.8536438351869583,0.8884983432292939,0.916788815021515,0.936345154285431,0.9636533820629122
../../../Data/SplitData/Cholesterol/cholesterol-separate-graphs-5A_exp5/Test/Positive/8EOG-filtered_graphs.npy,0.8444164764881134,0.1794862846260075,27,PseudoPositive,PseudoNegative,Positive,PseudoNegative,PseudoNegative,PseudoNegative,PseudoNegative,0.4477843587175011,0.6199022722244263,0.7052276944220066,0.792995017528534,0.8536438351869583,0.8884983432292939,0.916788815021515,0.936345154285431,0.9636533820629122
../../../Data/SplitData/Cholesterol/cholesterol-separate-graphs-5A_exp5/Test/Positive/8EPL-filtered_graphs.npy,0.56887879550457,0.1478765444126813,46,PseudoNegative,StrongNegative,Positive,PseudoNegative,StrongNegative,StrongNegative,StrongNegative,0.4477843587175011,0.6199022722244263,0.7052276944220066,0.792995017528534,0.8536438351869583,0.8884983432292939,0.916788815021515,0.936345154285431,0.9636533820629122
../../../Data/SplitData/Cholesterol/cholesterol-separate-graphs-5A_exp5/Test/Positive/8FD7-filtered_graphs.npy,0.6921365530788899,0.215793278391912,33,PseudoNegative,PseudoNegative,Positive,PseudoNegative,PseudoNegative,StrongNegative,StrongNegative,0.4477843587175011,0.6199022722244263,0.7052276944220066,0.792995017528534,0.8536438351869583,0.8884983432292939,0.916788815021515,0.936345154285431,0.9636533820629122
../../../Data/SplitData/Cholesterol/cholesterol-separate-graphs-5A_exp5/Test/Positive/8FHS-filtered_graphs.npy,0.7988571608066559,0.0768301586547988,43,PseudoPositive,PseudoNegative,Positive,PseudoNegative,PseudoNegative,PseudoNegative,PseudoNegative,0.4477843587175011,0.6199022722244263,0.7052276944220066,0.792995017528534,0.8536438351869583,0.8884983432292939,0.916788815021515,0.936345154285431,0.9636533820629122
../../../Data/SplitData/Cholesterol/cholesterol-separate-graphs-5A_exp5/Test/Positive/8H0Q-filtered_graphs.npy,0.6396884375810623,0.2210652422847847,38,PseudoNegative,StrongNegative,Positive,PseudoNegative,PseudoNegative,StrongNegative,StrongNegative,0.4477843587175011,0.6199022722244263,0.7052276944220066,0.792995017528534,0.8536438351869583,0.8884983432292939,0.916788815021515,0.936345154285431,0.9636533820629122
../../../Data/SplitData/Cholesterol/cholesterol-separate-graphs-5A_exp5/Test/Positive/8HAF-filtered_graphs.npy,0.8993324744701385,0.145999837053451,21,PseudoPositive,PseudoPositive,Positive,PseudoPositive,PseudoPositive,PseudoPositive,StrongPositive,0.4477843587175011,0.6199022722244263,0.7052276944220066,0.792995017528534,0.8536438351869583,0.8884983432292939,0.916788815021515,0.936345154285431,0.9636533820629122
../../../Data/SplitData/Cholesterol/cholesterol-separate-graphs-5A_exp5/Test/Positive/8HNK-filtered_graphs.npy,0.859520697593689,0.0992516361526493,35,PseudoPositive,PseudoPositive,Positive,PseudoPositive,PseudoPositive,PseudoPositive,PseudoPositive,0.4477843587175011,0.6199022722244263,0.7052276944220066,0.792995017528534,0.8536438351869583,0.8884983432292939,0.916788815021515,0.936345154285431,0.9636533820629122
../../../Data/SplitData/Cholesterol/cholesterol-separate-graphs-5A_exp5/Test/Positive/8IJW-filtered_graphs.npy,0.9417857670783996,0.0661224213666235,34,PseudoPositive,StrongPositive,Positive,PseudoPositive,StrongPositive,StrongPositive,StrongPositive,0.4477843587175011,0.6199022722244263,0.7052276944220066,0.792995017528534,0.8536438351869583,0.8884983432292939,0.916788815021515,0.936345154285431,0.9636533820629122
../../../Data/SplitData/Cholesterol/cholesterol-separate-graphs-5A_exp5/Test/Positive/8J6Q-filtered_graphs.npy,0.9532476937770844,0.0443852400371054,44,PseudoPositive,StrongPositive,Positive,PseudoPositive,StrongPositive,StrongPositive,StrongPositive,0.4477843587175011,0.6199022722244263,0.7052276944220066,0.792995017528534,0.8536438351869583,0.8884983432292939,0.916788815021515,0.936345154285431,0.9636533820629122
../../../Data/SplitData/Cholesterol/cholesterol-separate-graphs-5A_exp5/Test/Positive/8J7M-filtered_graphs.npy,0.7879831397533417,0.0959409844860627,76,PseudoPositive,PseudoNegative,Positive,PseudoNegative,PseudoNegative,PseudoNegative,StrongNegative,0.4477843587175011,0.6199022722244263,0.7052276944220066,0.792995017528534,0.8536438351869583,0.8884983432292939,0.916788815021515,0.936345154285431,0.9636533820629122
../../../Data/SplitData/Cholesterol/cholesterol-separate-graphs-5A_exp5/Test/Positive/8JBK-filtered_graphs.npy,0.4433921906352043,0.1495059560936688,53,PseudoNegative,StrongNegative,Negative,StrongNegative,StrongNegative,StrongNegative,StrongNegative,0.4477843587175011,0.6199022722244263,0.7052276944220066,0.792995017528534,0.8536438351869583,0.8884983432292939,0.916788815021515,0.936345154285431,0.9636533820629122
../../../Data/SplitData/Cholesterol/cholesterol-separate-graphs-5A_exp5/Test/Positive/8JKV-filtered_graphs.npy,0.3503543336689472,0.2580502976732458,34,PseudoNegative,StrongNegative,Negative,StrongNegative,StrongNegative,StrongNegative,StrongNegative,0.4477843587175011,0.6199022722244263,0.7052276944220066,0.792995017528534,0.8536438351869583,0.8884983432292939,0.916788815021515,0.936345154285431,0.9636533820629122
../../../Data/SplitData/Cholesterol/cholesterol-separate-graphs-5A_exp5/Test/Positive/8JZS-filtered_graphs.npy,0.4992758625745773,0.1067573315315529,54,PseudoNegative,StrongNegative,Negative,PseudoNegative,StrongNegative,StrongNegative,StrongNegative,0.4477843587175011,0.6199022722244263,0.7052276944220066,0.792995017528534,0.8536438351869583,0.8884983432292939,0.916788815021515,0.936345154285431,0.9636533820629122
../../../Data/SplitData/Cholesterol/cholesterol-separate-graphs-5A_exp5/Test/Positive/8K9R-filtered_graphs.npy,0.7273083335161209,0.1117386788777633,47,PseudoNegative,PseudoNegative,Positive,PseudoNegative,PseudoNegative,PseudoNegative,StrongNegative,0.4477843587175011,0.6199022722244263,0.7052276944220066,0.792995017528534,0.8536438351869583,0.8884983432292939,0.916788815021515,0.936345154285431,0.9636533820629122
../../../Data/SplitData/Cholesterol/cholesterol-separate-graphs-5A_exp5/Test/Positive/8PKM-filtered_graphs.npy,0.9889612877368928,0.0093486581246169,34,PseudoPositive,StrongPositive,Positive,StrongPositive,StrongPositive,StrongPositive,StrongPositive,0.4477843587175011,0.6199022722244263,0.7052276944220066,0.792995017528534,0.8536438351869583,0.8884983432292939,0.916788815021515,0.936345154285431,0.9636533820629122
../../../Data/SplitData/Cholesterol/cholesterol-separate-graphs-5A_exp5/Test/Positive/8PM6-filtered_graphs.npy,0.8932149648666382,0.0568899808133586,41,PseudoPositive,PseudoPositive,Positive,PseudoPositive,PseudoPositive,PseudoPositive,StrongPositive,0.4477843587175011,0.6199022722244263,0.7052276944220066,0.792995017528534,0.8536438351869583,0.8884983432292939,0.916788815021515,0.936345154285431,0.9636533820629122
../../../Data/SplitData/Cholesterol/cholesterol-separate-graphs-5A_exp5/Test/Positive/8Q7B-filtered_graphs.npy,0.772486662864685,0.1050092890911762,61,PseudoPositive,PseudoNegative,Positive,PseudoNegative,PseudoNegative,PseudoNegative,StrongNegative,0.4477843587175011,0.6199022722244263,0.7052276944220066,0.792995017528534,0.8536438351869583,0.8884983432292939,0.916788815021515,0.936345154285431,0.9636533820629122
../../../Data/SplitData/Cholesterol/cholesterol-separate-graphs-5A_exp5/Test/Positive/8QJF-filtered_graphs.npy,0.7988217210769654,0.1058533936856914,51,PseudoPositive,PseudoNegative,Positive,PseudoNegative,PseudoNegative,PseudoNegative,PseudoNegative,0.4477843587175011,0.6199022722244263,0.7052276944220066,0.792995017528534,0.8536438351869583,0.8884983432292939,0.916788815021515,0.936345154285431,0.9636533820629122
../../../Data/SplitData/Cholesterol/cholesterol-separate-graphs-5A_exp5/Test/Positive/8QK6-filtered_graphs.npy,0.925099447965622,0.0608799203329644,51,PseudoPositive,PseudoPositive,Positive,PseudoPositive,PseudoPositive,StrongPositive,StrongPositive,0.4477843587175011,0.6199022722244263,0.7052276944220066,0.792995017528534,0.8536438351869583,0.8884983432292939,0.916788815021515,0.936345154285431,0.9636533820629122
../../../Data/SplitData/Cholesterol/cholesterol-separate-graphs-5A_exp5/Test/Positive/8RQQ-filtered_graphs.npy,0.6368647384643554,0.1191383975390966,54,PseudoNegative,StrongNegative,Positive,PseudoNegative,PseudoNegative,StrongNegative,StrongNegative,0.4477843587175011,0.6199022722244263,0.7052276944220066,0.792995017528534,0.8536438351869583,0.8884983432292939,0.916788815021515,0.936345154285431,0.9636533820629122
../../../Data/SplitData/Cholesterol/cholesterol-separate-graphs-5A_exp5/Test/Positive/8RW0-filtered_graphs.npy,0.8247569143772125,0.0753863502481265,42,PseudoPositive,PseudoNegative,Positive,PseudoNegative,PseudoNegative,PseudoNegative,PseudoNegative,0.4477843587175011,0.6199022722244263,0.7052276944220066,0.792995017528534,0.8536438351869583,0.8884983432292939,0.916788815021515,0.936345154285431,0.9636533820629122
../../../Data/SplitData/Cholesterol/cholesterol-separate-graphs-5A_exp5/Test/Positive/8RW4-filtered_graphs.npy,0.8822471165657043,0.0564981285469024,47,PseudoPositive,PseudoPositive,Positive,PseudoPositive,PseudoPositive,PseudoPositive,PseudoPositive,0.4477843587175011,0.6199022722244263,0.7052276944220066,0.792995017528534,0.8536438351869583,0.8884983432292939,0.916788815021515,0.936345154285431,0.9636533820629122
../../../Data/SplitData/Cholesterol/cholesterol-separate-graphs-5A_exp5/Test/Positive/8SGW-filtered_graphs.npy,0.8976052236557007,0.0643515814808965,29,PseudoPositive,PseudoPositive,Positive,PseudoPositive,PseudoPositive,PseudoPositive,StrongPositive,0.4477843587175011,0.6199022722244263,0.7052276944220066,0.792995017528534,0.8536438351869583,0.8884983432292939,0.916788815021515,0.936345154285431,0.9636533820629122
../../../Data/SplitData/Cholesterol/cholesterol-separate-graphs-5A_exp5/Test/Positive/8SI7-filtered_graphs.npy,0.6290146058797836,0.1446488234810713,65,PseudoNegative,StrongNegative,Positive,PseudoNegative,PseudoNegative,StrongNegative,StrongNegative,0.4477843587175011,0.6199022722244263,0.7052276944220066,0.792995017528534,0.8536438351869583,0.8884983432292939,0.916788815021515,0.936345154285431,0.9636533820629122
../../../Data/SplitData/Cholesterol/cholesterol-separate-graphs-5A_exp5/Test/Positive/8SIA-filtered_graphs.npy,0.7644426047801971,0.1015609327836686,59,PseudoNegative,PseudoNegative,Positive,PseudoNegative,PseudoNegative,PseudoNegative,StrongNegative,0.4477843587175011,0.6199022722244263,0.7052276944220066,0.792995017528534,0.8536438351869583,0.8884983432292939,0.916788815021515,0.936345154285431,0.9636533820629122
../../../Data/SplitData/Cholesterol/cholesterol-separate-graphs-5A_exp5/Test/Positive/8SR7-filtered_graphs.npy,0.5243794822692871,0.1405827470264803,82,PseudoNegative,StrongNegative,Positive,PseudoNegative,StrongNegative,StrongNegative,StrongNegative,0.4477843587175011,0.6199022722244263,0.7052276944220066,0.792995017528534,0.8536438351869583,0.8884983432292939,0.916788815021515,0.936345154285431,0.9636533820629122
../../../Data/SplitData/Cholesterol/cholesterol-separate-graphs-5A_exp5/Test/Positive/8SRC-filtered_graphs.npy,0.4851465827226638,0.1265399252485551,75,PseudoNegative,StrongNegative,Negative,PseudoNegative,StrongNegative,StrongNegative,StrongNegative,0.4477843587175011,0.6199022722244263,0.7052276944220066,0.792995017528534,0.8536438351869583,0.8884983432292939,0.916788815021515,0.936345154285431,0.9636533820629122
../../../Data/SplitData/Cholesterol/cholesterol-separate-graphs-5A_exp5/Test/Positive/8SRE-filtered_graphs.npy,0.4753699967265129,0.1416855116163787,80,PseudoNegative,StrongNegative,Negative,PseudoNegative,StrongNegative,StrongNegative,StrongNegative,0.4477843587175011,0.6199022722244263,0.7052276944220066,0.792995017528534,0.8536438351869583,0.8884983432292939,0.916788815021515,0.936345154285431,0.9636533820629122
../../../Data/SplitData/Cholesterol/cholesterol-separate-graphs-5A_exp5/Test/Positive/8SZH-filtered_graphs.npy,0.6604140210151672,0.2276754837426577,23,PseudoNegative,PseudoNegative,Positive,PseudoNegative,PseudoNegative,StrongNegative,StrongNegative,0.4477843587175011,0.6199022722244263,0.7052276944220066,0.792995017528534,0.8536438351869583,0.8884983432292939,0.916788815021515,0.936345154285431,0.9636533820629122
../../../Data/SplitData/Cholesterol/cholesterol-separate-graphs-5A_exp5/Test/Positive/8T3S-filtered_graphs.npy,0.9365510559082032,0.0694218310259142,31,PseudoPositive,StrongPositive,Positive,PseudoPositive,StrongPositive,StrongPositive,StrongPositive,0.4477843587175011,0.6199022722244263,0.7052276944220066,0.792995017528534,0.8536438351869583,0.8884983432292939,0.916788815021515,0.936345154285431,0.9636533820629122
../../../Data/SplitData/Cholesterol/cholesterol-separate-graphs-5A_exp5/Test/Positive/8T57-filtered_graphs.npy,0.938927927017212,0.0453242267390015,36,PseudoPositive,StrongPositive,Positive,PseudoPositive,StrongPositive,StrongPositive,StrongPositive,0.4477843587175011,0.6199022722244263,0.7052276944220066,0.792995017528534,0.8536438351869583,0.8884983432292939,0.916788815021515,0.936345154285431,0.9636533820629122
../../../Data/SplitData/Cholesterol/cholesterol-separate-graphs-5A_exp5/Test/Positive/8TF5-filtered_graphs.npy,0.4765314862132072,0.1031779398822482,54,PseudoNegative,StrongNegative,Negative,PseudoNegative,StrongNegative,StrongNegative,StrongNegative,0.4477843587175011,0.6199022722244263,0.7052276944220066,0.792995017528534,0.8536438351869583,0.8884983432292939,0.916788815021515,0.936345154285431,0.9636533820629122
../../../Data/SplitData/Cholesterol/cholesterol-separate-graphs-5A_exp5/Test/Positive/8U4N-filtered_graphs.npy,0.9695476734638214,0.0250686567368192,46,PseudoPositive,StrongPositive,Positive,StrongPositive,StrongPositive,StrongPositive,StrongPositive,0.4477843587175011,0.6199022722244263,0.7052276944220066,0.792995017528534,0.8536438351869583,0.8884983432292939,0.916788815021515,0.936345154285431,0.9636533820629122
../../../Data/SplitData/Cholesterol/cholesterol-separate-graphs-5A_exp5/Test/Positive/8U4R-filtered_graphs.npy,0.9587927663326264,0.0289272614944498,37,PseudoPositive,StrongPositive,Positive,PseudoPositive,StrongPositive,StrongPositive,StrongPositive,0.4477843587175011,0.6199022722244263,0.7052276944220066,0.792995017528534,0.8536438351869583,0.8884983432292939,0.916788815021515,0.936345154285431,0.9636533820629122
../../../Data/SplitData/Cholesterol/cholesterol-separate-graphs-5A_exp5/Test/Positive/8UH3-filtered_graphs.npy,0.9876575124263764,0.0097812014204197,26,PseudoPositive,StrongPositive,Positive,StrongPositive,StrongPositive,StrongPositive,StrongPositive,0.4477843587175011,0.6199022722244263,0.7052276944220066,0.792995017528534,0.8536438351869583,0.8884983432292939,0.916788815021515,0.936345154285431,0.9636533820629122
../../../Data/SplitData/Cholesterol/cholesterol-separate-graphs-5A_exp5/Test/Positive/8UVE-filtered_graphs.npy,0.812934182882309,0.1066330164112713,36,PseudoPositive,PseudoNegative,Positive,PseudoNegative,PseudoNegative,PseudoNegative,PseudoNegative,0.4477843587175011,0.6199022722244263,0.7052276944220066,0.792995017528534,0.8536438351869583,0.8884983432292939,0.916788815021515,0.936345154285431,0.9636533820629122
../../../Data/SplitData/Cholesterol/cholesterol-separate-graphs-5A_exp5/Test/Positive/8UVG-filtered_graphs.npy,0.962071899175644,0.0377449491157932,30,PseudoPositive,StrongPositive,Positive,PseudoPositive,StrongPositive,StrongPositive,StrongPositive,0.4477843587175011,0.6199022722244263,0.7052276944220066,0.792995017528534,0.8536438351869583,0.8884983432292939,0.916788815021515,0.936345154285431,0.9636533820629122
../../../Data/SplitData/Cholesterol/cholesterol-separate-graphs-5A_exp5/Test/Positive/8W2L-filtered_graphs.npy,0.6303159481287003,0.1558195785475944,46,PseudoNegative,StrongNegative,Positive,PseudoNegative,PseudoNegative,StrongNegative,StrongNegative,0.4477843587175011,0.6199022722244263,0.7052276944220066,0.792995017528534,0.8536438351869583,0.8884983432292939,0.916788815021515,0.936345154285431,0.9636533820629122
../../../Data/SplitData/Cholesterol/cholesterol-separate-graphs-5A_exp5/Test/Positive/8WR3-filtered_graphs.npy,0.4037138259410858,0.1298038915108117,56,PseudoNegative,StrongNegative,Negative,StrongNegative,StrongNegative,StrongNegative,StrongNegative,0.4477843587175011,0.6199022722244263,0.7052276944220066,0.792995017528534,0.8536438351869583,0.8884983432292939,0.916788815021515,0.936345154285431,0.9636533820629122
../../../Data/SplitData/Cholesterol/cholesterol-separate-graphs-5A_exp5/Test/Positive/8WRB-filtered_graphs.npy,0.9637983953952788,0.0351017599036972,29,PseudoPositive,StrongPositive,Positive,StrongPositive,StrongPositive,StrongPositive,StrongPositive,0.4477843587175011,0.6199022722244263,0.7052276944220066,0.792995017528534,0.8536438351869583,0.8884983432292939,0.916788815021515,0.936345154285431,0.9636533820629122
../../../Data/SplitData/Cholesterol/cholesterol-separate-graphs-5A_exp5/Test/Positive/8X52-filtered_graphs.npy,0.7815293669700623,0.1109049212711977,44,PseudoPositive,PseudoNegative,Positive,PseudoNegative,PseudoNegative,PseudoNegative,StrongNegative,0.4477843587175011,0.6199022722244263,0.7052276944220066,0.792995017528534,0.8536438351869583,0.8884983432292939,0.916788815021515,0.936345154285431,0.9636533820629122
../../../Data/SplitData/Cholesterol/cholesterol-separate-graphs-5A_exp5/Test/Positive/8X54-filtered_graphs.npy,0.8718473720550537,0.0685360962176249,40,PseudoPositive,PseudoPositive,Positive,PseudoPositive,PseudoPositive,PseudoPositive,PseudoPositive,0.4477843587175011,0.6199022722244263,0.7052276944220066,0.792995017528534,0.8536438351869583,0.8884983432292939,0.916788815021515,0.936345154285431,0.9636533820629122
../../../Data/SplitData/Cholesterol/cholesterol-separate-graphs-5A_exp5/Test/Positive/8Y56-filtered_graphs.npy,0.559542128443718,0.1197494260943475,66,PseudoNegative,StrongNegative,Positive,PseudoNegative,StrongNegative,StrongNegative,StrongNegative,0.4477843587175011,0.6199022722244263,0.7052276944220066,0.792995017528534,0.8536438351869583,0.8884983432292939,0.916788815021515,0.936345154285431,0.9636533820629122
../../../Data/SplitData/Cholesterol/cholesterol-separate-graphs-5A_exp5/Test/Positive/8YKY-filtered_graphs.npy,0.5000260642170906,0.14605904649525,89,PseudoNegative,StrongNegative,Positive,PseudoNegative,StrongNegative,StrongNegative,StrongNegative,0.4477843587175011,0.6199022722244263,0.7052276944220066,0.792995017528534,0.8536438351869583,0.8884983432292939,0.916788815021515,0.936345154285431,0.9636533820629122
../../../Data/SplitData/Cholesterol/cholesterol-separate-graphs-5A_exp5/Test/Positive/8YU7-filtered_graphs.npy,0.9304606091976164,0.0535253229161565,27,PseudoPositive,PseudoPositive,Positive,PseudoPositive,PseudoPositive,StrongPositive,StrongPositive,0.4477843587175011,0.6199022722244263,0.7052276944220066,0.792995017528534,0.8536438351869583,0.8884983432292939,0.916788815021515,0.936345154285431,0.9636533820629122
../../../Data/SplitData/Cholesterol/cholesterol-separate-graphs-5A_exp5/Test/Positive/8YUT-filtered_graphs.npy,0.4291856840252876,0.1376406255548114,49,PseudoNegative,StrongNegative,Negative,StrongNegative,StrongNegative,StrongNegative,StrongNegative,0.4477843587175011,0.6199022722244263,0.7052276944220066,0.792995017528534,0.8536438351869583,0.8884983432292939,0.916788815021515,0.936345154285431,0.9636533820629122
../../../Data/SplitData/Cholesterol/cholesterol-separate-graphs-5A_exp5/Test/Positive/8ZPL-filtered_graphs.npy,0.5812562972307205,0.1541898488843448,40,PseudoNegative,StrongNegative,Positive,PseudoNegative,StrongNegative,StrongNegative,StrongNegative,0.4477843587175011,0.6199022722244263,0.7052276944220066,0.792995017528534,0.8536438351869583,0.8884983432292939,0.916788815021515,0.936345154285431,0.9636533820629122
../../../Data/SplitData/Cholesterol/cholesterol-separate-graphs-5A_exp5/Test/Positive/8ZPN-filtered_graphs.npy,0.7405694687366485,0.1213519065058163,31,PseudoNegative,PseudoNegative,Positive,PseudoNegative,PseudoNegative,PseudoNegative,StrongNegative,0.4477843587175011,0.6199022722244263,0.7052276944220066,0.792995017528534,0.8536438351869583,0.8884983432292939,0.916788815021515,0.936345154285431,0.9636533820629122
../../../Data/SplitData/Cholesterol/cholesterol-separate-graphs-5A_exp5/Test/Positive/9BBC-filtered_graphs.npy,0.3397482122480869,0.141020901923635,59,PseudoNegative,StrongNegative,Negative,StrongNegative,StrongNegative,StrongNegative,StrongNegative,0.4477843587175011,0.6199022722244263,0.7052276944220066,0.792995017528534,0.8536438351869583,0.8884983432292939,0.916788815021515,0.936345154285431,0.9636533820629122
../../../Data/SplitData/Cholesterol/cholesterol-separate-graphs-5A_exp5/Test/Positive/9BR2-filtered_graphs.npy,0.804573335647583,0.1026969614847931,47,PseudoPositive,PseudoNegative,Positive,PseudoNegative,PseudoNegative,PseudoNegative,PseudoNegative,0.4477843587175011,0.6199022722244263,0.7052276944220066,0.792995017528534,0.8536438351869583,0.8884983432292939,0.916788815021515,0.936345154285431,0.9636533820629122
../../../Data/SplitData/Cholesterol/cholesterol-separate-graphs-5A_exp5/Test/Positive/9BUK-filtered_graphs.npy,0.929412008523941,0.0550728644996157,46,PseudoPositive,PseudoPositive,Positive,PseudoPositive,PseudoPositive,StrongPositive,StrongPositive,0.4477843587175011,0.6199022722244263,0.7052276944220066,0.792995017528534,0.8536438351869583,0.8884983432292939,0.916788815021515,0.936345154285431,0.9636533820629122
../../../Data/SplitData/Cholesterol/cholesterol-separate-graphs-5A_exp5/Test/Positive/9CDC-filtered_graphs.npy,0.7818996489048005,0.1441782377578372,44,PseudoPositive,PseudoNegative,Positive,PseudoNegative,PseudoNegative,PseudoNegative,StrongNegative,0.4477843587175011,0.6199022722244263,0.7052276944220066,0.792995017528534,0.8536438351869583,0.8884983432292939,0.916788815021515,0.936345154285431,0.9636533820629122
../../../Data/SplitData/Cholesterol/cholesterol-separate-graphs-5A_exp5/Test/Positive/9CUK-filtered_graphs.npy,0.9669084334373474,0.0292412819325838,59,PseudoPositive,StrongPositive,Positive,StrongPositive,StrongPositive,StrongPositive,StrongPositive,0.4477843587175011,0.6199022722244263,0.7052276944220066,0.792995017528534,0.8536438351869583,0.8884983432292939,0.916788815021515,0.936345154285431,0.9636533820629122
../../../Data/SplitData/Cholesterol/cholesterol-separate-graphs-5A_exp5/Test/Positive/9D19-filtered_graphs.npy,0.217736678943038,0.1091796558289912,58,PseudoNegative,StrongNegative,Negative,StrongNegative,StrongNegative,StrongNegative,StrongNegative,0.4477843587175011,0.6199022722244263,0.7052276944220066,0.792995017528534,0.8536438351869583,0.8884983432292939,0.916788815021515,0.936345154285431,0.9636533820629122
../../../Data/SplitData/Cholesterol/cholesterol-separate-graphs-5A_exp5/Test/Positive/9D3E-filtered_graphs.npy,0.690353611111641,0.1275964650236313,40,PseudoNegative,PseudoNegative,Positive,PseudoNegative,PseudoNegative,StrongNegative,StrongNegative,0.4477843587175011,0.6199022722244263,0.7052276944220066,0.792995017528534,0.8536438351869583,0.8884983432292939,0.916788815021515,0.936345154285431,0.9636533820629122
../../../Data/SplitData/Cholesterol/cholesterol-separate-graphs-5A_exp5/Test/Positive/9DBK-filtered_graphs.npy,0.8002665996551513,0.0729676484014386,60,PseudoPositive,PseudoNegative,Positive,PseudoNegative,PseudoNegative,PseudoNegative,PseudoNegative,0.4477843587175011,0.6199022722244263,0.7052276944220066,0.792995017528534,0.8536438351869583,0.8884983432292939,0.916788815021515,0.936345154285431,0.9636533820629122
../../../Data/SplitData/Cholesterol/cholesterol-separate-graphs-5A_exp5/Test/Positive/9DBN-filtered_graphs.npy,0.810590580701828,0.0756313299270045,61,PseudoPositive,PseudoNegative,Positive,PseudoNegative,PseudoNegative,PseudoNegative,PseudoNegative,0.4477843587175011,0.6199022722244263,0.7052276944220066,0.792995017528534,0.8536438351869583,0.8884983432292939,0.916788815021515,0.936345154285431,0.9636533820629122
../../../Data/SplitData/Cholesterol/cholesterol-separate-graphs-5A_exp5/Test/Positive/9DO0-filtered_graphs.npy,0.5098116129636765,0.2015138156209608,31,PseudoNegative,StrongNegative,Positive,PseudoNegative,StrongNegative,StrongNegative,StrongNegative,0.4477843587175011,0.6199022722244263,0.7052276944220066,0.792995017528534,0.8536438351869583,0.8884983432292939,0.916788815021515,0.936345154285431,0.9636533820629122
../../../Data/SplitData/Cholesterol/cholesterol-separate-graphs-5A_exp5/Test/Positive/9INF-filtered_graphs.npy,0.7947105693817139,0.1268294588845282,21,PseudoPositive,PseudoNegative,Positive,PseudoNegative,PseudoNegative,PseudoNegative,PseudoNegative,0.4477843587175011,0.6199022722244263,0.7052276944220066,0.792995017528534,0.8536438351869583,0.8884983432292939,0.916788815021515,0.936345154285431,0.9636533820629122
../../../Data/SplitData/Cholesterol/cholesterol-separate-graphs-5A_exp5/Test/Positive/9J7O-filtered_graphs.npy,0.9773855376243592,0.0268577209208665,35,PseudoPositive,StrongPositive,Positive,StrongPositive,StrongPositive,StrongPositive,StrongPositive,0.4477843587175011,0.6199022722244263,0.7052276944220066,0.792995017528534,0.8536438351869583,0.8884983432292939,0.916788815021515,0.936345154285431,0.9636533820629122
../../../Data/SplitData/Cholesterol/cholesterol-separate-graphs-5A_exp5/Test/Positive/9J8D-filtered_graphs.npy,0.8860221576690673,0.0737900254607265,46,PseudoPositive,PseudoPositive,Positive,PseudoPositive,PseudoPositive,PseudoPositive,PseudoPositive,0.4477843587175011,0.6199022722244263,0.7052276944220066,0.792995017528534,0.8536438351869583,0.8884983432292939,0.916788815021515,0.936345154285431,0.9636533820629122
../../../Data/SplitData/Cholesterol/cholesterol-separate-graphs-5A_exp5/Test/Positive/9J97-filtered_graphs.npy,0.9829767274856568,0.0144766153026555,49,PseudoPositive,StrongPositive,Positive,StrongPositive,StrongPositive,StrongPositive,StrongPositive,0.4477843587175011,0.6199022722244263,0.7052276944220066,0.792995017528534,0.8536438351869583,0.8884983432292939,0.916788815021515,0.936345154285431,0.9636533820629122
