filename,rank,residue,count
boxCHL1_3117-filtered_graphs.npy,1,THR_394_I,18
boxCHL1_3117-filtered_graphs.npy,2,ILE_391_I,12
boxCHL1_3117-filtered_graphs.npy,3,PHE_390_I,10
boxCHL1_3576-filtered_graphs.npy,1,CYS_249_H,14
boxCHL1_3576-filtered_graphs.npy,2,LEU_246_H,10
boxCHL1_3576-filtered_graphs.npy,3,TRP_252_H,8
boxCHL1_3576-filtered_graphs.npy,4,PHE_253_H,6
boxCHL1_3576-filtered_graphs.npy,5,LEU_256_H,2
boxCHL1_3233-filtered_graphs.npy,1,LEU_5_B,2
boxCHL1_3589-filtered_graphs.npy,1,ILE_178_E,16
boxCHL1_3589-filtered_graphs.npy,2,TRP_498_E,12
boxCHL1_3589-filtered_graphs.npy,3,ILE_26_E,10
boxCHL1_3589-filtered_graphs.npy,4,LEU_24_E,1
boxCHL1_3589-filtered_graphs.npy,5,VAL_199_E,1
boxCHL1_3378-filtered_graphs.npy,1,PHE_9_L,20
boxCHL1_3131-filtered_graphs.npy,1,PRO_254_H,19
boxCHL1_3131-filtered_graphs.npy,2,PHE_43_L,6
boxCHL1_3131-filtered_graphs.npy,3,PHE_76_L,4
boxCHL1_3131-filtered_graphs.npy,4,VAL_72_L,3
boxCHL1_3131-filtered_graphs.npy,5,ALA_510_H,2
boxCHL1_3131-filtered_graphs.npy,6,TYR_503_H,2
boxCHL1_3131-filtered_graphs.npy,7,VAL_40_L,2
boxCHL1_3131-filtered_graphs.npy,8,VAL_251_H,1
boxCHL1_3131-filtered_graphs.npy,9,VAL_64_L,1
boxCHL1_3082-filtered_graphs.npy,1,ILE_21_E,11
boxCHL1_3082-filtered_graphs.npy,2,ILE_34_E,11
boxCHL1_3082-filtered_graphs.npy,3,TYR_33_E,7
boxCHL1_3082-filtered_graphs.npy,4,PHE_17_E,5
boxCHL1_3082-filtered_graphs.npy,5,VAL_30_E,3
boxCHL1_3082-filtered_graphs.npy,6,ILE_26_E,2
boxCHL1_3082-filtered_graphs.npy,7,MET_18_E,1
boxCHL1_3449-filtered_graphs.npy,1,TRP_16_F,18
boxCHL1_3449-filtered_graphs.npy,2,PHE_13_F,9
boxCHL1_3449-filtered_graphs.npy,3,SER_12_F,8
boxCHL1_3449-filtered_graphs.npy,4,THR_9_F,5
boxCHL1_3494-filtered_graphs.npy,1,PRO_299_A,13
boxCHL1_3494-filtered_graphs.npy,2,PHE_283_A,8
boxCHL1_3494-filtered_graphs.npy,3,ALA_286_A,5
boxCHL1_3494-filtered_graphs.npy,4,ILE_293_A,5
boxCHL1_3494-filtered_graphs.npy,5,ARG_282_A,3
boxCHL1_3494-filtered_graphs.npy,6,TRP_281_A,3
boxCHL1_3494-filtered_graphs.npy,7,GLY_285_A,1
boxCHL1_3494-filtered_graphs.npy,8,LYS_284_A,1
boxCHL1_3494-filtered_graphs.npy,9,PHE_263_A,1
boxCHL1_3642-filtered_graphs.npy,1,VAL_72_E,19
boxCHL1_3642-filtered_graphs.npy,2,VAL_79_E,10
boxCHL1_3642-filtered_graphs.npy,3,VAL_76_E,7
boxCHL1_3642-filtered_graphs.npy,4,CYS_75_E,4
boxCHL1_3051-filtered_graphs.npy,1,PHE_4_E,6
boxCHL1_3575-filtered_graphs.npy,1,TYR_3_H,30
boxCHL1_3056-filtered_graphs.npy,1,MET_82_I,14
boxCHL1_3056-filtered_graphs.npy,2,LEU_141_I,12
boxCHL1_3056-filtered_graphs.npy,3,LEU_137_I,9
boxCHL1_3056-filtered_graphs.npy,4,LEU_138_I,5
boxCHL1_3312-filtered_graphs.npy,1,ILE_391_A,15
boxCHL1_3312-filtered_graphs.npy,2,TYR_38_C,9
boxCHL1_3312-filtered_graphs.npy,3,ILE_144_C,7
boxCHL1_3312-filtered_graphs.npy,4,PHE_34_C,6
boxCHL1_3312-filtered_graphs.npy,5,MET_37_C,3
boxCHL1_3347-filtered_graphs.npy,1,ILE_248_H,19
boxCHL1_3347-filtered_graphs.npy,2,GLY_240_H,4
boxCHL1_3347-filtered_graphs.npy,3,TYR_237_H,4
boxCHL1_3347-filtered_graphs.npy,4,GLY_238_H,3
boxCHL1_3347-filtered_graphs.npy,5,ILE_244_H,3
boxCHL1_3347-filtered_graphs.npy,6,GLY_241_H,2
boxCHL1_3347-filtered_graphs.npy,7,VAL_245_H,2
boxCHL1_3347-filtered_graphs.npy,8,LYS_236_H,1
boxCHL1_3347-filtered_graphs.npy,9,MET_186_L,1
boxCHL1_3347-filtered_graphs.npy,10,MET_242_H,1
boxCHL1_3063-filtered_graphs.npy,1,LEU_191_A,6
boxCHL1_3086-filtered_graphs.npy,1,TRP_295_E,16
boxCHL1_3086-filtered_graphs.npy,2,ILE_260_E,13
boxCHL1_3086-filtered_graphs.npy,3,PHE_256_E,7
boxCHL1_3086-filtered_graphs.npy,4,TYR_297_E,3
boxCHL1_3086-filtered_graphs.npy,5,GLN_264_E,1
boxCHL1_3308-filtered_graphs.npy,1,ILE_516_L,12
boxCHL1_3308-filtered_graphs.npy,2,TRP_44_L,8
boxCHL1_3308-filtered_graphs.npy,3,LEU_260_L,6
boxCHL1_3308-filtered_graphs.npy,4,LEU_256_L,4
boxCHL1_3308-filtered_graphs.npy,5,PHE_253_L,4
boxCHL1_3308-filtered_graphs.npy,6,CYS_249_L,2
boxCHL1_3308-filtered_graphs.npy,7,PHE_257_L,2
boxCHL1_3308-filtered_graphs.npy,8,TRP_252_L,2
boxCHL1_3064-filtered_graphs.npy,1,ILE_192_A,22
boxCHL1_3064-filtered_graphs.npy,2,LEU_191_A,14
boxCHL1_3064-filtered_graphs.npy,3,GLY_190_A,4
boxCHL1_3038-filtered_graphs.npy,1,PHE_11_A,6
boxCHL1_3211-filtered_graphs.npy,1,LEU_116_K,12
boxCHL1_3310-filtered_graphs.npy,1,VAL_126_H,19
boxCHL1_3310-filtered_graphs.npy,2,GLY_172_H,9
boxCHL1_3310-filtered_graphs.npy,3,LEU_30_H,6
boxCHL1_3310-filtered_graphs.npy,4,LEU_169_H,4
boxCHL1_3310-filtered_graphs.npy,5,PHE_173_H,2
boxCHL1_3342-filtered_graphs.npy,1,ARG_142_E,29
boxCHL1_3342-filtered_graphs.npy,2,LEU_138_E,11
boxCHL1_3124-filtered_graphs.npy,1,ILE_261_D,14
boxCHL1_3124-filtered_graphs.npy,2,LEU_175_H,7
boxCHL1_3124-filtered_graphs.npy,3,TYR_503_D,7
boxCHL1_3124-filtered_graphs.npy,4,VAL_176_H,7
boxCHL1_3124-filtered_graphs.npy,5,GLY_172_H,5
boxCHL1_3130-filtered_graphs.npy,1,ASP_115_K,14
boxCHL1_3130-filtered_graphs.npy,2,PRO_111_K,8
boxCHL1_3130-filtered_graphs.npy,3,PRO_126_K,7
boxCHL1_3130-filtered_graphs.npy,4,ASN_113_K,5
boxCHL1_3130-filtered_graphs.npy,5,PRO_127_K,4
boxCHL1_3130-filtered_graphs.npy,6,LYS_114_K,2
boxCHL1_3072-filtered_graphs.npy,1,TYR_287_I,24
boxCHL1_3072-filtered_graphs.npy,2,PHE_288_I,6
boxCHL1_3504-filtered_graphs.npy,1,ARG_240_A,6
boxCHL1_3241-filtered_graphs.npy,1,ILE_70_G,22
boxCHL1_3241-filtered_graphs.npy,2,PHE_110_H,7
boxCHL1_3241-filtered_graphs.npy,3,LEU_67_G,4
boxCHL1_3241-filtered_graphs.npy,4,LEU_74_G,3
boxCHL1_3241-filtered_graphs.npy,5,PHE_103_H,3
boxCHL1_3241-filtered_graphs.npy,6,LEU_71_G,1
boxCHL1_3187-filtered_graphs.npy,1,ARG_277_I,2
boxCHL1_3351-filtered_graphs.npy,1,LEU_14_I,18
boxCHL1_3351-filtered_graphs.npy,2,PHE_17_I,12
boxCHL1_3640-filtered_graphs.npy,1,LEU_137_A,18
boxCHL1_3640-filtered_graphs.npy,2,LEU_141_A,12
boxCHL1_3118-filtered_graphs.npy,1,PRO_111_G,24
boxCHL1_3118-filtered_graphs.npy,2,TRP_112_G,12
boxCHL1_3118-filtered_graphs.npy,3,PHE_110_G,3
boxCHL1_3118-filtered_graphs.npy,4,ASN_113_G,1
boxCHL1_3322-filtered_graphs.npy,1,ILE_100_D,22
boxCHL1_3322-filtered_graphs.npy,2,PHE_103_D,7
boxCHL1_3322-filtered_graphs.npy,3,PHE_107_D,7
boxCHL1_3322-filtered_graphs.npy,4,PHE_111_D,3
boxCHL1_3322-filtered_graphs.npy,5,VAL_116_D,1
boxCHL1_3500-filtered_graphs.npy,1,PHE_153_E,15
boxCHL1_3500-filtered_graphs.npy,2,GLN_15_E,5
boxCHL1_3245-filtered_graphs.npy,1,ILE_250_H,18
boxCHL1_3245-filtered_graphs.npy,2,PHE_253_H,7
boxCHL1_3245-filtered_graphs.npy,3,PHE_257_H,4
boxCHL1_3245-filtered_graphs.npy,4,TYR_509_H,4
boxCHL1_3245-filtered_graphs.npy,5,LEU_256_H,3
boxCHL1_3245-filtered_graphs.npy,6,PRO_495_H,2
boxCHL1_3245-filtered_graphs.npy,7,VAL_513_H,2
boxCHL1_2985-filtered_graphs.npy,1,ILE_391_I,22
boxCHL1_2985-filtered_graphs.npy,2,THR_394_I,9
boxCHL1_2985-filtered_graphs.npy,3,THR_395_I,9
boxCHL1_3313-filtered_graphs.npy,1,CYS_75_A,3
boxCHL1_3313-filtered_graphs.npy,2,VAL_79_A,3
boxCHL1_2982-filtered_graphs.npy,1,TYR_287_A,25
boxCHL1_2982-filtered_graphs.npy,2,PHE_288_A,15
boxCHL1_3514-filtered_graphs.npy,1,ILE_96_D,11
boxCHL1_3514-filtered_graphs.npy,2,PHE_97_D,10
boxCHL1_3514-filtered_graphs.npy,3,ILE_74_D,9
boxCHL1_3514-filtered_graphs.npy,4,VAL_81_D,4
boxCHL1_3514-filtered_graphs.npy,5,ILE_100_D,3
boxCHL1_3514-filtered_graphs.npy,6,THR_78_D,3
boxCHL1_3037-filtered_graphs.npy,1,TYR_33_A,27
boxCHL1_3037-filtered_graphs.npy,2,PHE_198_A,13
boxCHL1_3574-filtered_graphs.npy,1,TYR_124_C,30
boxCHL1_3618-filtered_graphs.npy,1,ILE_260_I,16
boxCHL1_3618-filtered_graphs.npy,2,TRP_250_I,6
boxCHL1_3618-filtered_graphs.npy,3,ALA_227_I,4
boxCHL1_3618-filtered_graphs.npy,4,TYR_253_I,4
boxCHL1_3618-filtered_graphs.npy,5,VAL_249_I,3
boxCHL1_3618-filtered_graphs.npy,6,ALA_245_I,2
boxCHL1_3618-filtered_graphs.npy,7,TRP_233_I,2
boxCHL1_3618-filtered_graphs.npy,8,TYR_226_I,2
boxCHL1_3618-filtered_graphs.npy,9,HSD_230_I,1
boxCHL1_3616-filtered_graphs.npy,1,LEU_145_I,15
boxCHL1_3616-filtered_graphs.npy,2,LEU_148_I,5
boxCHL1_3277-filtered_graphs.npy,1,ILE_388_E,10
boxCHL1_3277-filtered_graphs.npy,2,ILE_192_E,8
boxCHL1_3277-filtered_graphs.npy,3,ILE_377_E,6
boxCHL1_3277-filtered_graphs.npy,4,CYS_502_E,4
boxCHL1_3277-filtered_graphs.npy,5,PHE_505_E,4
boxCHL1_3277-filtered_graphs.npy,6,VAL_385_E,3
boxCHL1_3277-filtered_graphs.npy,7,ALA_195_E,2
boxCHL1_3277-filtered_graphs.npy,8,LEU_191_E,1
boxCHL1_3277-filtered_graphs.npy,9,LEU_381_E,1
boxCHL1_3277-filtered_graphs.npy,10,PHE_384_E,1
boxCHL1_3225-filtered_graphs.npy,1,ILE_248_L,21
boxCHL1_3225-filtered_graphs.npy,2,ILE_244_L,9
boxCHL1_3225-filtered_graphs.npy,3,VAL_245_L,6
boxCHL1_3225-filtered_graphs.npy,4,GLY_241_L,3
boxCHL1_3225-filtered_graphs.npy,5,GLY_240_L,1
